locus,dataset,label,test,target,conditioned_on,r2_reduced_by_ld,beta_marginal,z_marginal,p_marginal,beta_cond,se_cond,z_cond,p_cond,OR_cond,OR_lo,OR_hi
nppa,ebi-a-GCST90012082,NT-proBNP pQTL (SCALLOP),rs5068|rs5066,rs5068,rs5066,0.0016,+0.1452,+4.2959,1.74e-05,+0.146461,0.0337731,+4.3366,1.45e-05,1.158,1.084,1.237
nppa,ebi-a-GCST90012082,NT-proBNP pQTL (SCALLOP),rs5066|rs5068,rs5066,rs5068,0.0016,+0.0333,+0.9354,0.35,+0.039402,0.0355717,+1.1077,0.268,1.04,0.9701,1.115
nppa,ebi-a-GCST90012082,NT-proBNP pQTL (SCALLOP),rs5068|rs198411,rs5068,rs198411,0.0042,+0.1452,+4.2959,1.74e-05,+0.150863,0.0337285,+4.4728,7.72e-06,1.163,1.088,1.242
nppa,ebi-a-GCST90012082,NT-proBNP pQTL (SCALLOP),rs198411|rs5068,rs198411,rs5068,0.0042,+0.0616,+2.5774,0.00995,+0.0682736,0.0238495,+2.8627,0.0042,1.071,1.022,1.122
nppa,ebi-a-GCST90012082,NT-proBNP pQTL (SCALLOP),rs5068|rs5066+rs198411,rs5068,rs5066+rs198411,0.0043,+0.1452,+4.2959,1.74e-05,+0.15075,0.0337277,+4.4696,7.84e-06,1.163,1.088,1.242
nppa,ebi-a-GCST90012082,NT-proBNP pQTL (SCALLOP),rs5068|lead(rs198389),rs5068,rs198389,0.0664,+0.1452,+4.2959,1.74e-05,+0.0282179,0.0326584,+0.8640,0.388,1.029,0.9648,1.097
nppa,ebi-a-GCST90012082,NT-proBNP pQTL (SCALLOP),lead(rs198389)|rs5068,rs198389,rs5068,0.0664,+0.2122,+13.4304,4.01e-41,+0.194709,0.0152664,+12.7541,2.96e-37,1.215,1.179,1.252
nppa,ebi-a-GCST90012082,NT-proBNP pQTL (SCALLOP),secondary#1|rs198389,rs4075034,rs198389,,-0.0455,-2.7744,0.00553,,,-3.5143,0.000441,,,
nppa,ebi-a-GCST90012082,NT-proBNP pQTL (SCALLOP),secondary#2|rs198389,rs6665448,rs198389,,-0.046,-2.7879,0.00531,,,-3.3943,0.000688,,,
nppa,ebi-a-GCST90012082,NT-proBNP pQTL (SCALLOP),secondary#3|rs198389,rs10864533,rs198389,,+0.0412,+2.6410,0.00827,,,+3.3848,0.000712,,,
nppa,prot-a-2078,NT-proBNP pQTL (INTERVAL SomaLogic),rs5068|rs5066,rs5068,rs5066,0.0016,+0.1673,+2.9663,0.00301,+0.181248,0.0563551,+3.2162,0.0013,1.199,1.073,1.339
nppa,prot-a-2078,NT-proBNP pQTL (INTERVAL SomaLogic),rs5066|rs5068,rs5066,rs5068,0.0016,+0.3068,+6.1980,5.72e-10,+0.312659,0.0494606,+6.3214,2.59e-10,1.367,1.241,1.506
nppa,prot-a-2078,NT-proBNP pQTL (INTERVAL SomaLogic),rs5068|rs198411,rs5068,rs198411,0.0042,+0.1673,+2.9663,0.00301,+0.186605,0.0562807,+3.3156,0.000914,1.205,1.079,1.346
nppa,prot-a-2078,NT-proBNP pQTL (INTERVAL SomaLogic),rs198411|rs5068,rs198411,rs5068,0.0042,+0.1822,+5.2659,1.4e-07,+0.188871,0.0345268,+5.4703,4.49e-08,1.208,1.129,1.292
nppa,prot-a-2078,NT-proBNP pQTL (INTERVAL SomaLogic),rs5068|rs5066+rs198411,rs5068,rs5066+rs198411,0.0043,+0.1673,+2.9663,0.00301,+0.188147,0.0562794,+3.3431,0.000829,1.207,1.081,1.348
nppa,prot-a-2078,NT-proBNP pQTL (INTERVAL SomaLogic),rs5068|lead(rs198389),rs5068,rs198389,0.0664,+0.1673,+2.9663,0.00301,-0.00125169,0.0544951,-0.0230,0.982,0.9987,0.8976,1.111
nppa,prot-a-2078,NT-proBNP pQTL (INTERVAL SomaLogic),lead(rs198389)|rs5068,rs198389,rs5068,0.0664,+0.2934,+11.5968,4.28e-31,+0.27406,0.0244455,+11.2111,3.6e-29,1.315,1.254,1.38
nppa,prot-a-2078,NT-proBNP pQTL (INTERVAL SomaLogic),secondary#1|rs198389,rs11804222,rs198389,,+0.2512,+6.8634,6.72e-12,,,+4.3378,1.44e-05,,,
nppa,prot-a-2078,NT-proBNP pQTL (INTERVAL SomaLogic),secondary#2|rs198389,rs35584250,rs198389,,+0.3299,+5.8389,5.25e-09,,,+4.1929,2.75e-05,,,
nppa,prot-a-2078,NT-proBNP pQTL (INTERVAL SomaLogic),secondary#3|rs198389,rs79493618,rs198389,,+0.3328,+5.8592,4.65e-09,,,+4.1690,3.06e-05,,,
nppa,eqtl-a-ENSG00000175206,NPPA eQTL (eQTLGen whole blood),rs5068|rs5066,rs5068,rs5066,0.0016,+0.108072,+4.2762,1.9e-05,+0.121852,0.0252528,+4.8253,1.4e-06,1.13,1.075,1.187
nppa,eqtl-a-ENSG00000175206,NPPA eQTL (eQTLGen whole blood),rs5066|rs5068,rs5066,rs5068,0.0016,+0.357698,+13.6656,1.63e-42,+0.362164,0.0261543,+13.8472,1.32e-43,1.436,1.365,1.512
nppa,eqtl-a-ENSG00000175206,NPPA eQTL (eQTLGen whole blood),rs5068|rs198411,rs5068,rs198411,0.0042,+0.108072,+4.2762,1.9e-05,+0.144316,0.0252195,+5.7224,1.05e-08,1.155,1.1,1.214
nppa,eqtl-a-ENSG00000175206,NPPA eQTL (eQTLGen whole blood),rs198411|rs5068,rs198411,rs5068,0.0042,+0.387828,+22.0633,7.13e-108,+0.392714,0.0175408,+22.3886,5.09e-111,1.481,1.431,1.533
nppa,eqtl-a-ENSG00000175206,NPPA eQTL (eQTLGen whole blood),rs5068|rs5066+rs198411,rs5068,rs5066+rs198411,0.0043,+0.108072,+4.2762,1.9e-05,+0.144735,0.0252189,+5.7391,9.52e-09,1.156,1.1,1.214
nppa,eqtl-a-ENSG00000175206,NPPA eQTL (eQTLGen whole blood),rs5068|lead(rs198367),rs5068,rs198367,0.0060,+0.108072,+4.2762,1.9e-05,+0.156165,0.0251969,+6.1978,5.73e-10,1.169,1.113,1.228
nppa,eqtl-a-ENSG00000175206,NPPA eQTL (eQTLGen whole blood),lead(rs198367)|rs5068,rs198367,rs5068,0.0060,+0.421061,+24.5542,3.9e-133,+0.426744,0.0170966,+24.9607,1.63e-137,1.532,1.482,1.584
nppa,eqtl-a-ENSG00000175206,NPPA eQTL (eQTLGen whole blood),secondary#1|rs198367,rs55892892,rs198367,,+0.115774,+4.5849,4.54e-06,,,+6.8553,7.12e-12,,,
nppa,eqtl-a-ENSG00000175206,NPPA eQTL (eQTLGen whole blood),secondary#2|rs198367,rs41275494,rs198367,,+0.115794,+4.5759,4.74e-06,,,+6.8463,7.58e-12,,,
nppa,eqtl-a-ENSG00000175206,NPPA eQTL (eQTLGen whole blood),secondary#3|rs198367,rs17376328,rs198367,,+0.115115,+4.5518,5.32e-06,,,+6.8221,8.97e-12,,,
nppa,ieu-a-7,CAD (CARDIoGRAMplusC4D),rs5068|rs5066,rs5068,rs5066,0.0016,-0.004609,-0.2142,0.83,-0.00667926,0.0215042,-0.3106,0.756,0.9933,0.9523,1.036
nppa,ieu-a-7,CAD (CARDIoGRAMplusC4D),rs5066|rs5068,rs5066,rs5068,0.0016,-0.051619,-2.4109,0.0159,-0.051802,0.0213935,-2.4214,0.0155,0.9495,0.9105,0.9902
nppa,ieu-a-7,CAD (CARDIoGRAMplusC4D),rs5068|rs198411,rs5068,rs198411,0.0042,-0.004609,-0.2142,0.83,-0.00596827,0.0214758,-0.2779,0.781,0.994,0.9531,1.037
nppa,ieu-a-7,CAD (CARDIoGRAMplusC4D),rs198411|rs5068,rs198411,rs5068,0.0042,-0.013214,-0.9717,0.331,-0.0134033,0.0135703,-0.9877,0.323,0.9867,0.9608,1.013
nppa,ieu-a-7,CAD (CARDIoGRAMplusC4D),rs5068|rs5066+rs198411,rs5068,rs5066+rs198411,0.0043,-0.004609,-0.2142,0.83,-0.00629406,0.0214753,-0.2931,0.769,0.9937,0.9528,1.036
nppa,ieu-a-7,CAD (CARDIoGRAMplusC4D),rs5068|lead(rs34783459),rs5068,rs34783459,0.0385,-0.004609,-0.2142,0.83,+0.00877748,0.0211026,+0.4159,0.677,1.009,0.9679,1.051
nppa,ieu-a-7,CAD (CARDIoGRAMplusC4D),lead(rs34783459)|rs5068,rs34783459,rs5068,0.0385,+0.035178,+3.1687,0.00153,+0.0347113,0.0108858,+3.1887,0.00143,1.035,1.013,1.058
nppa,ieu-a-7,CAD (CARDIoGRAMplusC4D),secondary#1|rs34783459,rs6667720,rs34783459,,-0.019709,-1.9495,0.0512,,,+2.2705,0.0232,,,
nppa,ieu-a-7,CAD (CARDIoGRAMplusC4D),secondary#2|rs34783459,rs4846048,rs34783459,,-0.020205,-1.9990,0.0456,,,+2.2461,0.0247,,,
nppa,ieu-a-7,CAD (CARDIoGRAMplusC4D),secondary#3|rs34783459,rs11805138,rs34783459,,-0.019171,-1.8666,0.062,,,+2.1716,0.0299,,,
nppa,ebi-a-GCST005195,CAD (van der Harst),rs5068|rs5066,rs5068,rs5066,0.0016,-0.0382092,-2.4617,0.0138,-0.039963,0.015509,-2.5768,0.00997,0.9608,0.9321,0.9905
nppa,ebi-a-GCST005195,CAD (van der Harst),rs5066|rs5068,rs5066,rs5068,0.0016,-0.0408968,-2.8319,0.00463,-0.0423153,0.0144302,-2.9324,0.00336,0.9586,0.9318,0.9861
nppa,ebi-a-GCST005195,CAD (van der Harst),rs5068|rs198411,rs5068,rs198411,0.0042,-0.0382092,-2.4617,0.0138,-0.0395197,0.0154886,-2.5515,0.0107,0.9613,0.9325,0.9909
nppa,ebi-a-GCST005195,CAD (van der Harst),rs198411|rs5068,rs198411,rs5068,0.0042,-0.0128936,-1.2989,0.194,-0.014482,0.00990553,-1.4620,0.144,0.9856,0.9667,1.005
nppa,ebi-a-GCST005195,CAD (van der Harst),rs5068|rs5066+rs198411,rs5068,rs5066+rs198411,0.0043,-0.0382092,-2.4617,0.0138,-0.0397854,0.0154882,-2.5688,0.0102,0.961,0.9323,0.9906
nppa,ebi-a-GCST005195,CAD (van der Harst),rs5068|lead(rs12567119),rs5068,rs12567119,0.3875,-0.0382092,-2.4617,0.0138,-0.0073791,0.0121474,-0.6075,0.544,0.9926,0.9693,1.017
nppa,ebi-a-GCST005195,CAD (van der Harst),lead(rs12567119)|rs5068,rs12567119,rs5068,0.3875,-0.0300612,-3.1908,0.00142,-0.0156242,0.00737314,-2.1191,0.0341,0.9845,0.9704,0.9988
nppa,ebi-a-GCST005195,CAD (van der Harst),secondary#1|rs12567119,rs35572017,rs12567119,,-0.0485294,-2.9661,0.00302,,,-2.4354,0.0149,,,
nppa,ebi-a-GCST005195,CAD (van der Harst),secondary#2|rs12567119,rs36100953,rs12567119,,-0.0485287,-2.9660,0.00302,,,-2.4353,0.0149,,,
nppa,ebi-a-GCST005195,CAD (van der Harst),secondary#3|rs12567119,rs34536155,rs12567119,,-0.0484763,-2.9625,0.00305,,,-2.4317,0.015,,,
nppa,ebi-a-GCST006061,AF (Nielsen),rs5068|rs5066,rs5068,rs5066,0.0016,+0.0576,+3.4699,0.000521,+0.0602156,0.0165868,+3.6303,0.000283,1.062,1.028,1.097
nppa,ebi-a-GCST006061,AF (Nielsen),rs5066|rs5068,rs5066,rs5068,0.0016,+0.062,+3.9490,7.85e-05,+0.0641736,0.0156875,+4.0908,4.3e-05,1.066,1.034,1.1
nppa,ebi-a-GCST006061,AF (Nielsen),rs5068|rs198411,rs5068,rs198411,0.0042,+0.0576,+3.4699,0.000521,+0.0595936,0.0165649,+3.5976,0.000321,1.061,1.027,1.096
nppa,ebi-a-GCST006061,AF (Nielsen),rs198411|rs5068,rs198411,rs5068,0.0042,+0.0194,+1.8476,0.0647,+0.0217682,0.0104778,+2.0776,0.0378,1.022,1.001,1.043
nppa,ebi-a-GCST006061,AF (Nielsen),rs5068|rs5066+rs198411,rs5068,rs5066+rs198411,0.0043,+0.0576,+3.4699,0.000521,+0.0599874,0.0165645,+3.6214,0.000293,1.062,1.028,1.097
nppa,ebi-a-GCST006061,AF (Nielsen),secondary#1|rs5066,rs41275494,rs5066,,+0.0592,+3.5879,0.000333,,,+3.8284,0.000129,,,
nppa,ebi-a-GCST006061,AF (Nielsen),secondary#2|rs5066,rs55892892,rs5066,,+0.0591,+3.5818,0.000341,,,+3.8223,0.000132,,,
nppa,ebi-a-GCST006061,AF (Nielsen),secondary#3|rs5066,rs41275502,rs5066,,+0.0584,+3.5394,0.000401,,,+3.7819,0.000156,,,
nppa,ebi-a-GCST009541,HF (HERMES),rs5068|rs5066,rs5068,rs5066,0.0016,+0.0267,+1.5345,0.125,+0.0274682,0.0173861,+1.5799,0.114,1.028,0.9934,1.063
nppa,ebi-a-GCST009541,HF (HERMES),rs5066|rs5068,rs5066,rs5068,0.0016,+0.0187,+1.1065,0.269,+0.0197347,0.0168865,+1.1687,0.243,1.02,0.9867,1.054
nppa,ebi-a-GCST009541,HF (HERMES),rs5068|rs198411,rs5068,rs198411,0.0042,+0.0267,+1.5345,0.125,+0.025975,0.0173632,+1.4960,0.135,1.026,0.992,1.062
nppa,ebi-a-GCST009541,HF (HERMES),rs198411|rs5068,rs198411,rs5068,0.0042,-0.0075,-0.6410,0.522,-0.00633303,0.0116753,-0.5424,0.588,0.9937,0.9712,1.017
nppa,ebi-a-GCST009541,HF (HERMES),rs5068|rs5066+rs198411,rs5068,rs5066+rs198411,0.0043,+0.0267,+1.5345,0.125,+0.026175,0.0173628,+1.5075,0.132,1.027,0.9922,1.062
nppa,ebi-a-GCST009541,HF (HERMES),rs5068|lead(rs45594036),rs5068,rs45594036,0.0007,+0.0267,+1.5345,0.125,+0.0279296,0.0173937,+1.6057,0.108,1.028,0.9939,1.064
nppa,ebi-a-GCST009541,HF (HERMES),lead(rs45594036)|rs5068,rs45594036,rs5068,0.0007,+0.0683,+2.6269,0.00862,+0.0693732,0.0259906,+2.6692,0.0076,1.072,1.019,1.128
nppa,ebi-a-GCST009541,HF (HERMES),secondary#1|rs45594036,rs12744757,rs45594036,,+0.0183,+1.0828,0.279,,,-3.1913,0.00142,,,
nppa,ebi-a-GCST009541,HF (HERMES),secondary#2|rs45594036,rs5066,rs45594036,,+0.0187,+1.1065,0.269,,,-3.1337,0.00173,,,
nppa,ebi-a-GCST009541,HF (HERMES),secondary#3|rs45594036,rs198411,rs45594036,,-0.0075,-0.6410,0.522,,,-2.4746,0.0133,,,
nppa,ebi-a-GCST005838,Any stroke (MEGASTROKE),rs5068|rs5066,rs5068,rs5066,0.0016,-0.0153,-0.7887,0.43,-0.0155753,0.0193846,-0.8035,0.422,0.9845,0.9478,1.023
nppa,ebi-a-GCST005838,Any stroke (MEGASTROKE),rs5066|rs5068,rs5066,rs5068,0.0016,-0.0069,-0.3557,0.722,-0.00751047,0.0193846,-0.3874,0.698,0.9925,0.9555,1.031
nppa,ebi-a-GCST005838,Any stroke (MEGASTROKE),rs5068|rs198411,rs5068,rs198411,0.0042,-0.0153,-0.7887,0.43,-0.0178324,0.019359,-0.9211,0.357,0.9823,0.9458,1.02
nppa,ebi-a-GCST005838,Any stroke (MEGASTROKE),rs198411|rs5068,rs198411,rs5068,0.0042,-0.0243,-2.0083,0.0446,-0.0249203,0.0120744,-2.0639,0.039,0.9754,0.9526,0.9987
nppa,ebi-a-GCST005838,Any stroke (MEGASTROKE),rs5068|rs5066+rs198411,rs5068,rs5066+rs198411,0.0043,-0.0153,-0.7887,0.43,-0.0177244,0.0193585,-0.9156,0.36,0.9824,0.9459,1.02
nppa,ebi-a-GCST005838,Any stroke (MEGASTROKE),rs5068|lead(rs1801133),rs5068,rs1801133,0.0197,-0.0153,-0.7887,0.43,-0.00579102,0.0192076,-0.3015,0.763,0.9942,0.9575,1.032
nppa,ebi-a-GCST005838,Any stroke (MEGASTROKE),lead(rs1801133)|rs5068,rs1801133,rs5068,0.0197,+0.0307,+3.4886,0.000485,+0.0297249,0.00871271,+3.4117,0.000646,1.03,1.013,1.048
nppa,ebi-a-GCST005838,Any stroke (MEGASTROKE),secondary#1|rs1801133,rs60148251,rs1801133,,-0.0184,-1.8969,0.0578,,,-2.1086,0.035,,,
nppa,ebi-a-GCST005838,Any stroke (MEGASTROKE),secondary#2|rs1801133,rs113365422,rs1801133,,+0.0551,+1.4932,0.135,,,+1.9717,0.0486,,,
nppa,ebi-a-GCST005838,Any stroke (MEGASTROKE),secondary#3|rs1801133,rs1128065,rs1801133,,-0.0146,-1.6977,0.0896,,,-1.9525,0.0509,,,
nppa,ebi-a-GCST006910,Cardioembolic stroke (MEGASTROKE),rs5068|rs5066,rs5068,rs5066,0.0016,+0.102,+2.3502,0.0188,+0.103528,0.0433654,+2.3873,0.017,1.109,1.019,1.207
nppa,ebi-a-GCST006910,Cardioembolic stroke (MEGASTROKE),rs5066|rs5068,rs5066,rs5068,0.0016,+0.0376,+0.8826,0.377,+0.0415948,0.0425661,+0.9772,0.328,1.042,0.959,1.133
nppa,ebi-a-GCST006910,Cardioembolic stroke (MEGASTROKE),rs5068|rs198411,rs5068,rs198411,0.0042,+0.102,+2.3502,0.0188,+0.0993826,0.0433082,+2.2948,0.0217,1.104,1.015,1.202
nppa,ebi-a-GCST006910,Cardioembolic stroke (MEGASTROKE),rs198411|rs5068,rs198411,rs5068,0.0042,-0.027,-0.9278,0.353,-0.0225545,0.0290385,-0.7767,0.437,0.9777,0.9236,1.035
nppa,ebi-a-GCST006910,Cardioembolic stroke (MEGASTROKE),rs5068|rs5066+rs198411,rs5068,rs5066+rs198411,0.0043,+0.102,+2.3502,0.0188,+0.0998561,0.0433072,+2.3058,0.0211,1.105,1.015,1.203
nppa,ebi-a-GCST006910,Cardioembolic stroke (MEGASTROKE),rs5068|lead(rs45439601),rs5068,rs45439601,0.8656,+0.102,+2.3502,0.0188,-0.0313246,0.0159081,-1.9691,0.0489,0.9692,0.9394,0.9999
nppa,ebi-a-GCST006910,Cardioembolic stroke (MEGASTROKE),lead(rs45439601)|rs5068,rs45439601,rs5068,0.8656,+0.1466,+3.3018,0.000961,+0.0495125,0.0162746,+3.0423,0.00235,1.051,1.018,1.085
nppa,ebi-a-GCST006910,Cardioembolic stroke (MEGASTROKE),secondary#1|rs45439601,rs113365422,rs45439601,,+0.1748,+2.1343,0.0328,,,+2.2015,0.0277,,,
nppa,ebi-a-GCST006910,Cardioembolic stroke (MEGASTROKE),secondary#2|rs45439601,rs112521149,rs45439601,,+0.0661,+1.8886,0.0589,,,+2.1698,0.03,,,
nppa,ebi-a-GCST006910,Cardioembolic stroke (MEGASTROKE),secondary#3|rs45439601,rs13305986,rs45439601,,+0.1938,+2.1297,0.0332,,,+2.1499,0.0316,,,
npr3,eqtl-a-ENSG00000113389,NPR3 eQTL (eQTLGen whole blood),rs1421811|lead(rs112133948),rs1421811,rs112133948,0.0158,-0.00532599,-0.4330,0.665,+0.00022577,0.0122028,+0.0185,0.985,1,0.9766,1.024
npr3,eqtl-a-ENSG00000113389,NPR3 eQTL (eQTLGen whole blood),lead(rs112133948)|rs1421811,rs112133948,rs1421811,0.0158,+0.150486,+3.5936,0.000326,+0.148209,0.0415446,+3.5675,0.00036,1.16,1.069,1.258
npr3,eqtl-a-ENSG00000113389,NPR3 eQTL (eQTLGen whole blood),secondary#1|rs112133948,rs1173739,rs112133948,,+0.132989,+3.1972,0.00139,,,+3.2300,0.00124,,,
npr3,eqtl-a-ENSG00000113389,NPR3 eQTL (eQTLGen whole blood),secondary#2|rs112133948,rs77442522,rs112133948,,+0.101101,+2.5027,0.0123,,,+2.5493,0.0108,,,
npr3,eqtl-a-ENSG00000113389,NPR3 eQTL (eQTLGen whole blood),secondary#3|rs112133948,rs16890026,rs112133948,,+0.101101,+2.5027,0.0123,,,+2.5493,0.0108,,,
npr3,ieu-b-38,SBP (Evangelou),secondary#1|rs1421811,rs1173756,rs1421811,,+0.4984,+16.5581,1.4e-61,,,+11.5881,4.73e-31,,,
npr3,ieu-b-38,SBP (Evangelou),secondary#2|rs1421811,rs1173766,rs1421811,,+0.5204,+17.1184,1.08e-65,,,+11.5694,5.89e-31,,,
npr3,ieu-b-38,SBP (Evangelou),secondary#3|rs1421811,rs12187170,rs1421811,,+0.4529,+14.8980,3.39e-50,,,+10.4045,2.36e-25,,,
npr3,ieu-a-7,CAD (CARDIoGRAMplusC4D),rs1421811|lead(rs13167035),rs1421811,rs13167035,0.0011,-0.011844,-1.1911,0.234,-0.0109858,0.00993829,-1.1054,0.269,0.9891,0.97,1.009
npr3,ieu-a-7,CAD (CARDIoGRAMplusC4D),lead(rs13167035)|rs1421811,rs13167035,rs1421811,0.0011,-0.024366,-2.5917,0.00955,-0.0239931,0.00939649,-2.5534,0.0107,0.9763,0.9585,0.9944
npr3,ieu-a-7,CAD (CARDIoGRAMplusC4D),secondary#1|rs13167035,rs115555400,rs13167035,,+0.146721,+1.9990,0.0456,,,+2.2718,0.0231,,,
npr3,ieu-a-7,CAD (CARDIoGRAMplusC4D),secondary#2|rs13167035,rs115007338,rs13167035,,+0.145651,+1.9983,0.0457,,,+2.2711,0.0231,,,
npr3,ieu-a-7,CAD (CARDIoGRAMplusC4D),secondary#3|rs13167035,rs11953604,rs13167035,,-0.019339,-1.4296,0.153,,,-2.1308,0.0331,,,
npr3,ebi-a-GCST005195,CAD (van der Harst),rs1421811|lead(rs61634091),rs1421811,rs61634091,0.0199,-0.0125941,-1.7548,0.0793,-0.0105359,0.00710519,-1.4828,0.138,0.9895,0.9758,1.003
npr3,ebi-a-GCST005195,CAD (van der Harst),lead(rs61634091)|rs1421811,rs61634091,rs1421811,0.0199,+0.0209825,+2.0310,0.0423,+0.0184227,0.0102276,+1.8013,0.0717,1.019,0.9984,1.039
npr3,ebi-a-GCST005195,CAD (van der Harst),secondary#1|rs61634091,rs3811954,rs61634091,,+0.0256507,+1.8310,0.0671,,,+2.0919,0.0365,,,
npr3,ebi-a-GCST005195,CAD (van der Harst),secondary#2|rs61634091,rs57805134,rs61634091,,+0.00556197,+0.4795,0.632,,,-2.0298,0.0424,,,
npr3,ebi-a-GCST005195,CAD (van der Harst),secondary#3|rs61634091,rs7736041,rs61634091,,+0.00558241,+0.4819,0.63,,,-2.0258,0.0428,,,
npr3,ebi-a-GCST011364,MI (Hartiala),rs1421811|lead(rs150695877),rs1421811,rs150695877,0.0294,-0.0108888,-0.9834,0.325,-0.00626875,0.0109086,-0.5747,0.566,0.9938,0.9727,1.015
npr3,ebi-a-GCST011364,MI (Hartiala),lead(rs150695877)|rs1421811,rs150695877,rs1421811,0.0294,+0.0951628,+2.4344,0.0149,+0.0885738,0.0385125,+2.2999,0.0215,1.093,1.013,1.178
npr3,ebi-a-GCST011364,MI (Hartiala),secondary#1|rs150695877,rs1968245,rs150695877,,+0.112043,+1.6853,0.0919,,,+2.1625,0.0306,,,
npr3,ebi-a-GCST011364,MI (Hartiala),secondary#2|rs150695877,rs17538857,rs150695877,,+0.0332822,+2.1831,0.029,,,+2.1300,0.0332,,,
npr3,ebi-a-GCST011364,MI (Hartiala),secondary#3|rs150695877,rs113098876,rs150695877,,-0.0531182,-2.1903,0.0285,,,-2.0521,0.0402,,,
npr3,finn-b-I9_MI,MI (FinnGen R9),rs1421811|lead(rs151063934),rs1421811,rs151063934,0.0314,-0.0388,-2.3951,0.0166,-0.0300327,0.0159439,-1.8836,0.0596,0.9704,0.9406,1.001
npr3,finn-b-I9_MI,MI (FinnGen R9),lead(rs151063934)|rs1421811,rs151063934,rs1421811,0.0314,+0.1094,+3.0559,0.00224,+0.0942149,0.0352341,+2.6740,0.0075,1.099,1.025,1.177
npr3,finn-b-I9_MI,MI (FinnGen R9),secondary#1|rs151063934,rs13184213,rs151063934,,+0.1062,+2.6158,0.0089,,,+2.4949,0.0126,,,
npr3,finn-b-I9_MI,MI (FinnGen R9),secondary#2|rs151063934,rs1974829,rs151063934,,-0.0929,-2.2995,0.0215,,,-2.3592,0.0183,,,
npr3,finn-b-I9_MI,MI (FinnGen R9),secondary#3|rs151063934,rs1973103,rs151063934,,-0.0928,-2.2970,0.0216,,,-2.3568,0.0184,,,
